{
  "ingame": {
    "pause_menu_button_offset": 4,
    "redirect_screenshot_chat_links": false,
    "show_button_in_game_pause_menu": true,
    "show_button_on_title_screen": false
  },
  "ingui": {
    "default_list_order": "ASCENDING",
    "display_hint_tooltip": true,
    "enable_screenshot_enlargement_animation": true,
    "initial_screenshot_amount_per_row": 4,
    "invert_zoom_direction": false,
    "prompt_when_deleting_screenshot": true,
    "render_screenshot_element_font_shadow": true,
    "render_wide_properties_button": true,
    "screen_scroll_speed": 10,
    "screenshot_element_background_opacity": 100,
    "screenshot_element_text_color": "#FFFFFF",
    "screenshot_element_text_visibility": "VISIBLE",
  },
  "screenshot_thumbnails": {
    "compression_ratio": "NONE",
  }
}