{
    "ModSettings": {
        "highlight_foused_items_foreground": false,
        "first_run": false
    },
    "GuiSettings": {
        "enable_profiles_ui": {
            "value": false
        },
        "enable_profiles_announcement": false,
        "continuous_crafting_saved_value": false
    },
    "LockedSlotsSettings": {
        "also_show_locked_slots_in_hotbar": {
            "value": false
        }
    },
    "AutoRefillSettings": {
        "auto_refill_enable_indicator_icons": {
            "value": false
        }
    },
    "ScrollSettings": {
        "scroll_leave_last": {
            "main": {
                "keys": ""
            }
        },
        "scroll_spread": {
            "main": {
                "keys": ""
            }
        },
        "scroll_throw": {
            "main": {
                "keys": ""
            }
        },
        "temp_disable": {
            "main": {
                "keys": ""
            }
        }
    },
    "Hotkeys": {
        "open_config_menu": {
            "main": {
                "keys": "Y,C"
            }
        },
        "reload_custom_configs": {
            "main": {
                "keys": ""
            }
        },
        "sort_inventory": {
            "main": {
                "keys": "Y"
            }
        },
        "move_all_items": {
            "main": {
                "keys": "Y,T"
            }
        },
        "throw_all_items": {
            "main": {
                "keys": "Y,M"
            }
        },
        "scroll_to_chest": {
            "main": {
                "keys": ""
            }
        },
        "scroll_to_inventory": {
            "main": {
                "keys": ""
            }
        },
        "open_gui_editor": {
            "main": {
                "keys": "Y,G"
            }
        },
        "apply_profile": {
            "main": {
                "keys": ""
            }
        },
        "next_profile": {
            "main": {
                "keys": ""
            }
        },
        "prev_profile": {
            "main": {
                "keys": ""
            }
        },
        "profile_1": {
            "main": {
                "keys": ""
            }
        },
        "profile_2": {
            "main": {
                "keys": ""
            }
        },
        "profile_3": {
            "main": {
                "keys": ""
            }
        },
        "save_as_profile": {
            "main": {
                "keys": ""
            }
        },
        "auto_refill_gui_toggle_for_slot": {
            "main": {
                "keys": ""
            }
        },
        "auto_refill_game_toggle_for_slot": {
            "main": {
                "keys": ""
            }
        },
        "copy_components": {
            "main": {
                "keys": ""
            }
        },
        "copy_item_id": {
            "main": {
                "keys": ""
            }
        }
    },
    "Tweaks": {
        "prevent_close_gui_drop_item": {
            "value": true
        },
        "swipe_move_crafting_result_slot": {
            "value": true
        }
    }
}